Series Name,Series Code,Country Name,Country Code,1990 [YR1990],2000 [YR2000],2012 [YR2012],2013 [YR2013],2014 [YR2014],2015 [YR2015],2016 [YR2016],2017 [YR2017],2018 [YR2018],2019 [YR2019],2020 [YR2020],2021 [YR2021]
GDP growth (annual %),NY.GDP.MKTP.KD.ZG,Afghanistan,AFG,..,..,12.7522870887171,5.60074465808154,2.72454336394854,1.45131466009755,2.26031420130452,2.64700320195786,1.18922812838034,3.911603419423,-2.35110067344623,..
GDP growth (annual %),NY.GDP.MKTP.KD.ZG,Albania,ALB,-9.57564016948646,6.94621658543626,1.417242800379,1.00201754037133,1.77444885497087,2.21872637165328,3.31498068405152,3.80222740018748,4.01935968580831,2.11341998165848,-3.95539792669307,..
GDP growth (annual %),NY.GDP.MKTP.KD.ZG,Algeria,DZA,0.800000579981685,3.80000000000086,3.39999999999982,2.8,3.79999999999998,3.70000000000022,3.19999999999973,1.29999999999994,1.09999999999995,0.999999999999915,-5.09999999999982,..
GDP growth (annual %),NY.GDP.MKTP.KD.ZG,American Samoa,ASM,..,..,-4.33482810164425,-2.5,1.76282051282051,3.14960629921259,-1.67938931297709,-6.98757763975155,2.6711185308848,-0.487804878048777,3.92156862745099,..
GDP growth (annual %),NY.GDP.MKTP.KD.ZG,Andorra,AND,3.78138758962959,3.52836236122388,-4.97444371853503,-3.54759651549344,2.50446552114518,1.43414039522716,3.70967806978986,0.346071889630295,1.58876549046354,2.01554763848308,-11.9526932539653,..
GDP growth (annual %),NY.GDP.MKTP.KD.ZG,Angola,AGO,-3.45009868360484,3.05462423430785,8.54218764265372,4.95454464636187,4.82262756838996,0.943571561325001,-2.58004964404932,-0.147212941085755,-2.00362972730201,-0.624644317706895,-5.39998738958575,..
GDP growth (annual %),NY.GDP.MKTP.KD.ZG,Antigua and Barbuda,ATG,3.01171468574839,6.20343125361191,3.37286620031867,-0.600876396735046,3.79572761294251,3.82529309880827,5.49645920357835,3.14432323970505,6.883640816875,4.86223616575663,-20.1923705722071,..
GDP growth (annual %),NY.GDP.MKTP.KD.ZG,Argentina,ARG,-2.46721377637459,-0.78899893905691,-1.0264204544321,2.40532378079436,-2.51261532081394,2.73115982828944,-2.08032784377811,2.81850297775918,-2.61739646282038,-2.0259342366392,-9.89526896368687,..
GDP growth (annual %),NY.GDP.MKTP.KD.ZG,Armenia,ARM,..,5.90000000312092,7.20000000096486,3.3,3.60000000058993,3.19999999896625,0.199999999825991,7.50000000164144,5.19999999965324,7.59999999853918,-7.40000000000001,..
GDP growth (annual %),NY.GDP.MKTP.KD.ZG,Aruba,ABW,3.96140172676485,7.61658819396467,-1.36986301369863,4.19823232323233,0.299999999999983,5.70000087589398,2.09999958566985,1.9999991044233,..,..,..,..
GDP growth (annual %),NY.GDP.MKTP.KD.ZG,Australia,AUS,3.5735068997854,3.91242773271188,3.91736246328504,2.60021188065653,2.56293152083389,2.17220475337416,2.74164306864724,2.29592694694063,2.87097248021668,2.11314942462376,-0.00383655856659004,..
GDP growth (annual %),NY.GDP.MKTP.KD.ZG,Austria,AUT,4.34564139947821,3.37572214708479,0.680445576816723,0.0255047121972183,0.661272848852605,1.01450158590511,1.98943716230463,2.25857243250671,2.50159511872086,1.49121084953705,-6.73451407608768,..
GDP growth (annual %),NY.GDP.MKTP.KD.ZG,Azerbaijan,AZE,..,11.099999503496,2.16523943012959,5.8098009451316,2.75050702966541,1.09397584645028,-3.09999999999992,0.199999999999804,1.50000000000009,2.4999999999999,-4.29999999999997,..
GDP growth (annual %),NY.GDP.MKTP.KD.ZG,"Bahamas, The",BHS,-1.5962490864956,4.14923404577348,3.0868791768835,-3.58387466279621,2.28814731756304,1.58973670222325,0.0911469243731915,1.62501197597548,2.76704081044245,0.702459096698348,-14.5144814032903,..
GDP growth (annual %),NY.GDP.MKTP.KD.ZG,Bahrain,BHR,4.43799717642639,5.30007005600883,3.72810843046017,5.41683981012071,4.35039085252969,2.48537855758804,3.55812811897778,4.29094977756338,2.13670134684136,2.14137678356339,-5.08518021318916,..
GDP growth (annual %),NY.GDP.MKTP.KD.ZG,Bangladesh,BGD,5.62225816160702,5.2932947184604,6.5214587805942,6.0136056582172,6.0610593590396,6.55263987869203,7.11347821327269,7.28417442269364,7.86375358002958,8.1526841493979,3.5091358821393,..
GDP growth (annual %),NY.GDP.MKTP.KD.ZG,Barbados,BRB,-3.30759330759331,4.44718962322422,-0.455606178464279,-1.40656396517079,-0.124547101449281,2.44870196122888,2.47869868319133,0.475110679192298,-0.580333154218167,-0.0961355529131964,-18.9795097037672,..
GDP growth (annual %),NY.GDP.MKTP.KD.ZG,Belarus,BLR,..,5.80000344007455,1.68713553642841,1.00347084085645,1.72638485417002,-3.82957055828379,-2.52644643552364,2.53218350023035,3.14919759374963,1.40000000000001,-0.900000000246891,..
GDP growth (annual %),NY.GDP.MKTP.KD.ZG,Belgium,BEL,3.13740231557445,3.71667938420875,0.739217283058679,0.459242192907709,1.57853314322614,2.04145900919961,1.26668640902095,1.6195802783878,1.81920366405947,2.14955968072559,-5.65965987018394,..
GDP growth (annual %),NY.GDP.MKTP.KD.ZG,Belize,BLZ,11.4433887289319,13.0195773748259,2.42176314174678,1.29408475456326,4.03769567446079,2.63786242183059,-0.0332336324360227,1.81368203309692,2.90606973116134,1.76279791284728,-14.0105321507761,..
GDP growth (annual %),NY.GDP.MKTP.KD.ZG,Benin,BEN,8.97613436064657,5.85771420543269,4.811223315688,7.19143372144946,6.35767909791932,1.77815106030278,3.33967342629693,5.67155546944753,6.69725946087986,6.86568733550151,3.84879240030133,..
GDP growth (annual %),NY.GDP.MKTP.KD.ZG,Bermuda,BMU,0.0192122958719239,9.31715641086083,-5.30529910675297,-0.279708545423034,-3.70106759364258,0.775529699568978,-0.657206304259205,3.61141983706115,-0.432801300339307,0.45988994302148,-6.34408024589787,..
GDP growth (annual %),NY.GDP.MKTP.KD.ZG,Bhutan,BTN,10.3831179114785,3.35506828474021,5.11840085800534,2.11997263298215,5.77649568013724,6.64223210535566,8.1270335383894,4.65183467529606,3.05512983672538,5.75516999517272,-10.0763411241337,..
GDP growth (annual %),NY.GDP.MKTP.KD.ZG,Bolivia,BOL,4.6357859096007,2.50780755336397,5.12227576725965,6.79601124124112,5.46056967606722,4.85718723248496,4.26392083751466,4.1952063010676,4.22362351118875,2.21670577750376,-8.82949361965127,..
GDP growth (annual %),NY.GDP.MKTP.KD.ZG,Bosnia and Herzegovina,BIH,..,12.7654694578883,-0.821836474216894,2.3498566632458,1.15385109200403,3.08916415179439,3.14980691561182,3.17143487487128,3.74007109201324,2.83100260259697,-3.19695013403583,..
GDP growth (annual %),NY.GDP.MKTP.KD.ZG,Botswana,BWA,6.77282194932545,1.98769585438751,4.4561444705963,11.3433969713494,4.14926225520414,-5.71768255706327,7.03689695063241,4.003449739749,3.98039539042554,2.99273763533627,-8.49289351078259,..
GDP growth (annual %),NY.GDP.MKTP.KD.ZG,Brazil,BRA,-4.35000000000022,4.38794944364869,1.92117598509462,3.0048226702888,0.503955740273241,-3.54576339347278,-3.2759169063211,1.32286905390815,1.78366676137003,1.41115298506995,-4.05904827267271,..
GDP growth (annual %),NY.GDP.MKTP.KD.ZG,British Virgin Islands,VGB,..,..,..,..,..,..,..,..,..,..,..,..
GDP growth (annual %),NY.GDP.MKTP.KD.ZG,Brunei Darussalam,BRN,1.08942053548758,2.84942185782727,0.912841670964411,-2.12602851740175,-2.50835256644561,-0.392383749502031,-2.47791771833224,1.32860255161715,0.0522377907767719,3.86910986506845,1.13357335070793,..
GDP growth (annual %),NY.GDP.MKTP.KD.ZG,Bulgaria,BGR,-9.117377096533,4.58722534164882,0.754930385981893,-0.56049396557782,0.96686903234496,3.42805491352132,3.03982527630795,2.76217095961262,2.68457613091411,4.03759208211947,-4.38714983385256,..
GDP growth (annual %),NY.GDP.MKTP.KD.ZG,Burkina Faso,BFA,-0.602928480009965,1.88847388906525,6.45267237953146,5.79258484509867,4.32684561452976,3.9212287937935,5.95797670754024,6.20348941121868,6.60456906812341,5.68811514943657,1.93032488957256,..
GDP growth (annual %),NY.GDP.MKTP.KD.ZG,Burundi,BDI,3.49982214003701,-0.856864058424151,4.44670822214543,4.9241952612883,4.24065164368079,-3.9000030859375,-0.600020000546493,0.500009998779461,1.60993308234522,1.84247667669987,0.297577119233125,..
GDP growth (annual %),NY.GDP.MKTP.KD.ZG,Cabo Verde,CPV,0.692171874341213,14.2848688321225,1.08191827877127,0.802797600574223,0.611212666207877,1.00686370684559,4.70579150927118,3.70203918776542,4.53116168434889,5.66775246034304,-14.7834050101145,..
GDP growth (annual %),NY.GDP.MKTP.KD.ZG,Cambodia,KHM,..,9.9935803216182,7.31334550530008,7.35666514887971,7.14257110074297,6.96579781454312,6.93331397294972,6.99690369938479,7.469169206999,7.05410693233065,-3.1475890983283,..
GDP growth (annual %),NY.GDP.MKTP.KD.ZG,Cameroon,CMR,-6.10569764608277,3.83241779532237,4.62597871941652,4.99552915947218,5.71981814402645,5.66695299105416,4.53579423569734,3.54117654926007,3.9555142403664,3.47505997865608,0.491914742161129,..
GDP growth (annual %),NY.GDP.MKTP.KD.ZG,Canada,CAN,..,4.91776274356224,1.76222254945881,2.3291225062102,2.87003607545671,0.659176863558869,1.00139441390405,3.03988022528195,2.77704055379553,1.87959202770178,-5.23302430280606,..
GDP growth (annual %),NY.GDP.MKTP.KD.ZG,Cayman Islands,CYM,..,..,1.22975365701149,1.27933101999021,2.65452798451271,2.8331222262961,3.23997688772937,3.18404337595337,4.19434090986198,3.81710040387819,-6.73028742811069,..
GDP growth (annual %),NY.GDP.MKTP.KD.ZG,Central African Republic,CAF,-2.14752806574087,-2.48943244028874,5.05376125356918,-36.3919770983887,0.0810705153264877,4.33712103020231,4.75031684122342,4.52727821346231,3.78944359275462,3,0.829010003307488,..
GDP growth (annual %),NY.GDP.MKTP.KD.ZG,Chad,TCD,-4.17847237277677,-0.879681025444839,8.88257607170316,5.70000136285864,6.89998504532166,2.76767568484473,-6.25552708545281,-2.98869598553931,2.37403780037786,3.24718191743429,-0.947304885424217,..
GDP growth (annual %),NY.GDP.MKTP.KD.ZG,Channel Islands,CHI,..,5.82664146877514,..,..,..,..,..,..,..,..,..,..
GDP growth (annual %),NY.GDP.MKTP.KD.ZG,Chile,CHL,3.33356547272084,5.32693841919777,5.31862800043552,4.04500429814718,1.76673978363932,2.30376703612379,1.71108928867041,1.18454470657974,3.71385917709956,0.942005306544473,-5.77150166878876,..
GDP growth (annual %),NY.GDP.MKTP.KD.ZG,China,CHN,3.92025136776569,8.49009340575191,7.86373644866194,7.766150097539,7.42576365645755,7.04132887865481,6.84876220503246,6.94720079327288,6.74977383247717,5.94971423273162,2.3475135727457,..
GDP growth (annual %),NY.GDP.MKTP.KD.ZG,Colombia,COL,4.28199833207572,2.92486148314592,3.91263576716115,5.13399351995672,4.49903000110972,2.95590137527523,2.08738250162794,1.35936086788746,2.56432428277704,3.28111680452643,-6.79575810693639,..
GDP growth (annual %),NY.GDP.MKTP.KD.ZG,Comoros,COM,5.09123641339696,10.847878616072,3.2002729031888,4.49987421530828,2.10000643830286,1.11614058271805,3.3206800249451,3.81570211280726,3.64252501914828,1.75532827980625,-0.128835487587722,..
GDP growth (annual %),NY.GDP.MKTP.KD.ZG,"Congo, Dem. Rep.",COD,-6.56831069464246,-6.91092731652101,7.08689894671942,8.48195663608755,9.47028809714084,6.91616712035345,2.39939891413687,3.72694765333267,5.82112109989339,4.38452888103882,1.7354227636007,..
GDP growth (annual %),NY.GDP.MKTP.KD.ZG,"Congo, Rep.",COG,1.00000356694392,7.5759803952642,9.9471531408645,-0.712434450529827,6.71667933273281,-3.55058176538323,-10.7832382686521,-4.38253094681009,-4.80535155732963,-0.0868859566422202,-7.94444567858203,..
GDP growth (annual %),NY.GDP.MKTP.KD.ZG,Costa Rica,CRI,3.55306336479569,3.86871808838076,4.8825923686673,2.49476610781217,3.54210987752421,3.65208096794373,4.20432325178332,4.15769896287743,2.61590440443709,2.25631507916432,-4.06367653504677,..
GDP growth (annual %),NY.GDP.MKTP.KD.ZG,Cote d'Ivoire,CIV,-1.0959084111546,-0.265789463930574,7.62041176266106,10.7602131317607,9.37199994218834,7.1940906452612,7.17920782392478,7.35963808821695,6.89028431967284,6.23170951305083,1.95833247878154,..
GDP growth (annual %),NY.GDP.MKTP.KD.ZG,Croatia,HRV,..,2.89550050635646,-2.27570664617892,-0.363117372360719,-0.345947047665945,2.5256884203654,3.53243223207443,3.41409225965485,2.90000959900429,3.48194560339674,-8.09976125177539,..
GDP growth (annual %),NY.GDP.MKTP.KD.ZG,Cuba,CUB,-2.94856494522188,5.9147601740486,3.01490028898772,2.74760256257211,1.04757663187654,4.43814195922121,0.513761467889907,1.80905439941586,2.24848039303581,-0.164839982463832,-10.9483409741617,..
GDP growth (annual %),NY.GDP.MKTP.KD.ZG,Curacao,CUW,..,..,-0.138917069202421,-0.794106769063816,-1.13883862149056,0.278694930595208,-0.986569701304816,-1.73976542028957,-2.16613107776222,-3.39999992661213,-18.4,..
GDP growth (annual %),NY.GDP.MKTP.KD.ZG,Cyprus,CYP,7.40399950603849,5.96531031488554,-3.44682208589713,-6.55307825499119,-1.82930910922002,3.38307971194378,6.45455446625895,5.85254035493243,5.69284172448825,5.28318739627791,-5.2289880999943,..
GDP growth (annual %),NY.GDP.MKTP.KD.ZG,Czech Republic,CZE,..,4.00102863502944,-0.785004299003617,-0.0459036735515213,2.26210289708078,5.38838083815307,2.5372845203138,5.16872430413071,3.19865610131447,3.02947825716996,-5.79781387689806,..
GDP growth (annual %),NY.GDP.MKTP.KD.ZG,Denmark,DNK,1.4752442765041,3.74686259540198,0.226499791802965,0.933340972371226,1.61939381103033,2.34259110757047,3.24595698524399,2.82173634129026,1.98953731496432,2.11466420842453,-2.06212495876164,..
GDP growth (annual %),NY.GDP.MKTP.KD.ZG,Djibouti,DJI,..,..,..,..,7.06154324233921,7.69608557567065,6.65265037178067,5.40309984307834,8.40766266610518,7.77049725726383,0.499999999999986,..
GDP growth (annual %),NY.GDP.MKTP.KD.ZG,Dominica,DMA,5.41798356699523,2.3402193206939,-1.05900024335187,-0.99994063117542,4.44794736481393,-2.69110892388451,2.55649491313986,-6.79942797028076,2.21430524078696,7.57139159692866,-16.6049115377829,..
GDP growth (annual %),NY.GDP.MKTP.KD.ZG,Dominican Republic,DOM,-5.45431239470214,4.6617622800146,2.71736789670562,4.87520509332271,7.05046368965911,6.9270187716221,6.65920026269582,4.66670467732366,6.98252758458058,5.05216802016253,-6.72023937283404,..
GDP growth (annual %),NY.GDP.MKTP.KD.ZG,Ecuador,ECU,3.67991405278418,1.0918015643576,5.641962066712,4.94651126690626,3.78886854920833,0.0988726083462694,-1.22638398463879,2.36838652633651,1.28929193290502,0.0121051028476558,-7.75012337710913,..
GDP growth (annual %),NY.GDP.MKTP.KD.ZG,"Egypt, Arab Rep.",EGY,5.66702915073418,6.37000383423162,2.22619979662137,2.18546605471226,2.91591187883586,4.37201907940117,4.34664345337812,4.18122100091018,5.31412103746398,5.55768388791593,3.5696694750486,..
GDP growth (annual %),NY.GDP.MKTP.KD.ZG,El Salvador,SLV,4.83290057793786,1.12790697674419,2.81550182179528,2.23214285714286,1.71070994462703,2.39897313327137,2.54592608601685,2.2466700387793,2.43228758708827,2.38258139815673,-8.5813121584968,..
GDP growth (annual %),NY.GDP.MKTP.KD.ZG,Equatorial Guinea,GNQ,-1.75856408404935,18.2137799569674,8.31287184445641,-4.13319850131583,0.415066301596866,-9.11004114881537,-8.81641723219757,-5.66750295706352,-6.23655098228059,-5.97893690507988,-4.89335647440198,..
GDP growth (annual %),NY.GDP.MKTP.KD.ZG,Eritrea,ERI,..,-3.14198590251638,..,..,..,..,..,..,..,..,..,..
GDP growth (annual %),NY.GDP.MKTP.KD.ZG,Estonia,EST,..,10.0876344406951,3.22820049358981,1.45842863615992,3.01136658651455,1.85302004629342,3.15556481438308,5.79204467466494,4.13381979831833,4.09634264397782,-2.95106931268964,..
GDP growth (annual %),NY.GDP.MKTP.KD.ZG,Eswatini,SWZ,21.0180005361395,1.76017376022224,5.39663069666727,3.86121379766622,0.923230547144357,2.22748067532406,1.06261019342853,2.0265781557498,2.37161052114132,2.61303529001997,-1.85052471016712,..
GDP growth (annual %),NY.GDP.MKTP.KD.ZG,Ethiopia,ETH,2.72645178301016,6.07321747957957,8.64781163337416,10.5822700482672,10.2574929610051,10.3924630202334,9.43348265784402,9.56418964295607,6.81614779681703,8.3640856990789,6.05661779202561,..
GDP growth (annual %),NY.GDP.MKTP.KD.ZG,Faroe Islands,FRO,..,..,..,..,..,..,..,..,..,..,..,..
GDP growth (annual %),NY.GDP.MKTP.KD.ZG,Fiji,FJI,5.80000271926605,-1.69999841605511,1.41131438177968,4.73421948956532,5.6035148874531,4.50119939222793,2.44565200769968,5.35336493706966,3.81235097047221,-0.445563043622684,-15.7118039805906,..
GDP growth (annual %),NY.GDP.MKTP.KD.ZG,Finland,FIN,0.670275844289762,5.7733624584817,-1.39754572817782,-0.901696316194844,-0.364908156882066,0.543659211765487,2.81145776663433,3.19240962968416,1.14194750876192,1.22075414302529,-2.80013589086919,..
GDP growth (annual %),NY.GDP.MKTP.KD.ZG,France,FRA,2.92393508123074,3.92366922704063,0.313134751077172,0.576326674771792,0.956183052371557,1.1129123405747,1.09546440372048,2.29141999417021,1.86506607081999,1.84297181445896,-7.85525603703762,..
GDP growth (annual %),NY.GDP.MKTP.KD.ZG,French Polynesia,PYF,2.20000012757878,4.00000035949274,..,..,..,..,2.30219823670438,4.29263363103487,3.26774108990988,2.97002491067693,-7.59987555401415,..
GDP growth (annual %),NY.GDP.MKTP.KD.ZG,Gabon,GAB,5.19223727652398,-1.88296639760897,5.25107691750407,5.63869900338696,4.31496444107469,3.8788993950789,2.09144220829562,0.472642030911146,0.83791658082157,3.92080879452831,-1.83776092953785,..
GDP growth (annual %),NY.GDP.MKTP.KD.ZG,"Gambia, The",GMB,3.55887936867596,5.50000021632955,5.24156924630741,2.872768790327,-1.40738249510954,4.0580738039996,1.94335965478776,4.8226112492757,7.23489033258579,6.15363194960554,-0.215576043106495,..
GDP growth (annual %),NY.GDP.MKTP.KD.ZG,Georgia,GEO,-14.7882259000602,1.83834106614221,6.3690083063386,3.62130535196276,4.43192482309078,3.02220738019703,2.90643878002064,4.84260322496586,4.84291988506627,4.98235047511106,-6.76043981705519,..
GDP growth (annual %),NY.GDP.MKTP.KD.ZG,Germany,DEU,5.25500608278011,2.91250296366708,0.418497594217598,0.437591303144671,2.20954343134872,1.49193152760772,2.22999986782015,2.68023111405891,1.08602451412267,1.05550824713283,-4.56961671737398,..
GDP growth (annual %),NY.GDP.MKTP.KD.ZG,Ghana,GHA,3.3288178832204,3.70000008164408,9.2927894063005,7.31252501678145,2.85624016330883,2.12075933817334,3.37346574966936,8.12889488100956,6.20007768127284,6.5077747939152,0.414443457624131,..
GDP growth (annual %),NY.GDP.MKTP.KD.ZG,Gibraltar,GIB,..,..,..,..,..,..,..,..,..,..,..,..
GDP growth (annual %),NY.GDP.MKTP.KD.ZG,Greece,GRC,0,3.91977090463944,-7.08669678638024,-2.51599722189651,0.475695947137041,-0.196087629724133,-0.487173294301954,1.09214912017283,1.66842863602514,1.80359525615141,-9.01912908499726,..
GDP growth (annual %),NY.GDP.MKTP.KD.ZG,Greenland,GRL,-11.7195329842899,7.10159688181619,1.39419335955625,-1.29828069335511,4.7421356730152,-2.52931802394475,4.68195410972302,0.0527281828800312,1.84584800939267,1.67877330992789,..,..
GDP growth (annual %),NY.GDP.MKTP.KD.ZG,Grenada,GRD,4.01261190237577,4.88795213650562,-1.15514373468322,2.35141877347161,7.34407652185287,6.44314373327768,3.73965138773251,4.43867566948151,4.29940539240303,0.735582700454373,-13.7077306813298,..
GDP growth (annual %),NY.GDP.MKTP.KD.ZG,Guam,GUM,..,..,2.13385063045585,1.69040835707501,1.79305192379529,0.825688073394488,0.18198362147406,0.890099909173486,-0.720201656463814,2.53899165759883,-11.8500176865936,..
GDP growth (annual %),NY.GDP.MKTP.KD.ZG,Guatemala,GTM,3.10256318046585,3.6088687174876,2.97470856847661,3.69481919881751,4.44397758285268,4.09217081621244,2.67780255532826,3.07985149125689,3.32209799734959,3.866856574905,-1.51932802919289,..
GDP growth (annual %),NY.GDP.MKTP.KD.ZG,Guinea,GIN,4.32406275371824,2.50306056156042,5.91528888360099,3.94568380482001,3.69654184325657,3.82592166670138,10.8206214375736,10.3000004937957,6.35849192736175,5.64617556842045,6.98855997080146,..
GDP growth (annual %),NY.GDP.MKTP.KD.ZG,Guinea-Bissau,GNB,6.09999998640174,5.42698736686769,-1.71268301181074,3.25590426517695,0.96456075098132,6.13408294113292,6.26280563780463,5.91917662586047,1.28373670309465,4.49999999151316,-2.39999999921721,..
GDP growth (annual %),NY.GDP.MKTP.KD.ZG,Guyana,GUY,-3.06748466257655,-1.36380390261873,5.38362346872985,3.65350476800678,1.68602773214108,0.687521210092171,3.8079188370272,3.73437406053053,4.44101358934772,5.35262742597216,43.4795559399402,..
GDP growth (annual %),NY.GDP.MKTP.KD.ZG,Haiti,HTI,1.03812280103132,0.870059252893924,0.502424403581585,4.32478411472874,1.72256560196277,2.5625088349003,1.81246807847532,2.51027134544685,1.66781095484656,-1.68459508133022,-3.34337261175989,..
GDP growth (annual %),NY.GDP.MKTP.KD.ZG,Honduras,HND,2.79174894892149,7.29128815869618,4.12868774866939,2.79155975746801,3.0580805621437,3.84007997093951,3.89297219726413,4.84291391050387,3.84499476966735,2.65306625480355,-8.96476018404584,..
GDP growth (annual %),NY.GDP.MKTP.KD.ZG,"Hong Kong SAR, China",HKG,3.83052993685524,7.6634621034283,1.70032521812904,3.1015467658996,2.76237659497929,2.38780231562711,2.16949438778281,3.79100598597371,2.84644793882873,-1.6797561695559,-6.08146778412127,..
GDP growth (annual %),NY.GDP.MKTP.KD.ZG,Hungary,HUN,..,4.47919380865247,-1.25774950712596,1.80636392809276,4.22372553891338,3.70325993580269,2.19196036930391,4.26855741926617,5.35949648949985,4.55406307213036,-4.67568699324362,..
GDP growth (annual %),NY.GDP.MKTP.KD.ZG,Iceland,ISL,..,4.98504277020335,1.06363660743763,4.55246032015108,1.68721501750639,4.43666371937172,6.30368710650176,4.19494882908376,4.89218073132504,2.43482300037417,-6.50391225040894,..
GDP growth (annual %),NY.GDP.MKTP.KD.ZG,India,IND,5.53345456306511,3.84099115681285,5.45638875297365,6.38610640094825,7.41022760508854,7.99625378571471,8.25630550179086,6.79538341897911,6.53298901139763,4.0415541865323,-7.25175478178826,..
GDP growth (annual %),NY.GDP.MKTP.KD.ZG,Indonesia,IDN,7.24213163856464,4.9200677470169,6.03005065305615,5.5572636889101,5.006668425755,4.87632230022123,5.03306918280177,5.06978590134916,5.17429153955024,5.01815971508286,-2.06954349906437,..
GDP growth (annual %),NY.GDP.MKTP.KD.ZG,"Iran, Islamic Rep.",IRN,13.8381567551059,5.80889885279676,-7.44455702975874,-0.194073471015827,4.60341887988656,-1.32064511973016,13.3962426157509,3.75519645191902,-6.02597180315718,-6.78422367041092,3.38826166523735,..
GDP growth (annual %),NY.GDP.MKTP.KD.ZG,Iraq,IRQ,57.8178283456035,16.9216656853992,13.9364301737537,7.62857118471159,0.197016710359037,4.72286401884131,13.7873730187089,-1.81975035118309,2.63385099105624,5.95732750325479,-15.6730927866074,..
GDP growth (annual %),NY.GDP.MKTP.KD.ZG,Ireland,IRL,8.46652828559868,9.39941800586617,-0.0523547853082533,1.26701466133446,8.71369780843101,25.176245193701,2.04223252701499,8.940012771816,9.03016110018034,4.91700697830244,5.86697550911293,..
GDP growth (annual %),NY.GDP.MKTP.KD.ZG,Isle of Man,IMN,4.1869768155689,5.30000152552805,7.30375730215189,4.1417185506714,5.15530308762963,-0.385798408302321,6.95231147466393,4.68881118740123,2.21340399216221,0.254861320470297,..,..
GDP growth (annual %),NY.GDP.MKTP.KD.ZG,Israel,ISR,..,8.89227448602996,2.82299620463245,4.77720234875498,4.12474686061435,2.27967941916557,4.46275381784649,4.37704442820299,3.98342459356549,3.77358980957163,-2.15342848939964,..
GDP growth (annual %),NY.GDP.MKTP.KD.ZG,Italy,ITA,1.98577494287171,3.78695514323979,-2.98090576823772,-1.84106545088248,-0.00454754236383792,0.778304350716581,1.29346273155907,1.66785904106857,0.925810941012742,0.410278293983012,-8.93859250023444,..
GDP growth (annual %),NY.GDP.MKTP.KD.ZG,Jamaica,JAM,4.2005351147029,0.87870354796236,-0.613636039869121,0.5176860128024,0.689822357374339,0.92148712538031,1.37522306445538,0.997123062335191,1.88992368121086,0.892291653822227,-10,..
GDP growth (annual %),NY.GDP.MKTP.KD.ZG,Japan,JPN,4.89271306566152,2.76464755143648,1.37475099920874,2.0051001767726,0.296205514142628,1.56062669674904,0.753826745903538,1.67533175166503,0.558851275379695,0.270304645083556,-4.58550828070608,..
GDP growth (annual %),NY.GDP.MKTP.KD.ZG,Jordan,JOR,-0.275903906111026,4.24571234401554,2.42935800100238,2.60994737548631,3.38407809933472,2.49652879315188,1.9941808493012,2.08711455126291,1.93409170141707,1.95546635784412,-1.55138446553204,..
GDP growth (annual %),NY.GDP.MKTP.KD.ZG,Kazakhstan,KAZ,..,9.80000000214156,4.79999999999275,5.99999999925561,4.20000000063038,1.19999999976802,1.09999999990164,4.10000000033854,4.09999999987123,4.50000000008481,-2.5,..
GDP growth (annual %),NY.GDP.MKTP.KD.ZG,Kenya,KEN,4.19205097421596,0.599695391613636,4.56867961444982,3.7978483925754,5.02011100232484,4.96772112759767,4.21351706814744,3.81550642712519,5.62910144021626,4.98113262830462,-0.316182728955951,..
GDP growth (annual %),NY.GDP.MKTP.KD.ZG,Kiribati,KIR,-0.869565217391298,6.25,4.7136454020818,4.21485108661747,-0.697737742623588,10.4048637576282,5.13771924490207,0.889757537282748,3.77595428627548,3.92644543807539,-1.94755664673815,..
GDP growth (annual %),NY.GDP.MKTP.KD.ZG,"Korea, Dem. People's Rep.",PRK,..,..,..,..,..,..,..,..,..,..,..,..
GDP growth (annual %),NY.GDP.MKTP.KD.ZG,"Korea, Rep.",KOR,9.8775525016936,9.06083332508534,2.40253099246186,3.16470863647184,3.2024537945736,2.80910326824133,2.94688171508626,3.15963574012777,2.90740377377135,2.24397786011012,-0.852031428863825,..
GDP growth (annual %),NY.GDP.MKTP.KD.ZG,Kosovo,XKX,..,..,1.71219517419465,5.34090817463415,3.34880431106879,5.91627044351361,5.57175650727449,4.8256904268714,3.40663100837845,4.7568306194579,-5.34027530229791,..
GDP growth (annual %),NY.GDP.MKTP.KD.ZG,Kuwait,KWT,..,4.69458187079211,6.62581830014173,1.14930043706521,0.500876982158658,0.593019617221231,2.92586822591576,-4.71210620851997,1.24612940824558,0.427463940207701,-8.6852616529353,..
GDP growth (annual %),NY.GDP.MKTP.KD.ZG,Kyrgyz Republic,KGZ,5.70279663523449,5.44333663314045,-0.0881502010106345,10.9154694543144,4.02403862576861,3.87582544821402,4.33585591715968,4.73993722539466,3.75791012480484,4.60062566646762,-8.61655103130452,..
GDP growth (annual %),NY.GDP.MKTP.KD.ZG,Lao PDR,LAO,6.70457868738686,5.79878232615873,8.02609843404085,8.02630022637751,7.61196344074379,7.27006584339864,7.02283625501138,6.8925308726989,6.24796000755872,5.4577350924848,0.503031829708618,..
GDP growth (annual %),NY.GDP.MKTP.KD.ZG,Latvia,LVA,..,5.675735171772,7.03731718549273,2.01074481501611,1.90009624274194,3.88502727728979,2.36760954261752,3.31308888984125,3.9894803874928,2.48432635462976,-3.61856599172043,..
GDP growth (annual %),NY.GDP.MKTP.KD.ZG,Lebanon,LBN,26.533160093229,1.34187161939805,2.54054178909927,3.81102241478652,2.45365957192232,0.581709756533684,1.58205455056178,0.782014000829008,-1.70217480748664,-7.15724706998392,-21.4642662752687,..
GDP growth (annual %),NY.GDP.MKTP.KD.ZG,Lesotho,LSO,6.04547332985949,3.8755468142558,6.33482170116899,1.79253144466578,1.7105440042256,3.12755772382955,3.58836459667835,-3.14194994562207,-1.22313731083291,-0.381431981522567,-9.61403701940095,..
GDP growth (annual %),NY.GDP.MKTP.KD.ZG,Liberia,LBR,..,..,7.99381569313641,8.68728781639683,0.701393100287518,-0.0185649695590939,-1.5549586174878,2.45515592012239,1.15757512207355,-2.46729763532686,-2.98291628083938,..
GDP growth (annual %),NY.GDP.MKTP.KD.ZG,Libya,LBY,..,3.67921329264158,123.139555198582,-13.5999999741829,-24.000000034478,-8.8620393625491,-2.79546888990187,26.6809026327981,15.1327998906632,2.53595347758677,-31.3000000487945,..
GDP growth (annual %),NY.GDP.MKTP.KD.ZG,Liechtenstein,LIE,2.25287097057453,3.22019308239609,..,..,..,..,..,..,..,..,..,..
GDP growth (annual %),NY.GDP.MKTP.KD.ZG,Lithuania,LTU,..,3.69552542107776,3.8438647490634,3.55007284270485,3.53700987901611,2.02458395469182,2.51882827307178,4.28259695120761,3.99331032795327,4.57377173669815,-0.132431460828812,..
GDP growth (annual %),NY.GDP.MKTP.KD.ZG,Luxembourg,LUX,5.31993112733795,6.93813024939334,1.64990202978652,3.17179049916005,2.62308601577192,2.26978448419565,4.97819043681629,1.31718766293677,2.00437711983041,3.28380675586517,-1.7762402290181,..
GDP growth (annual %),NY.GDP.MKTP.KD.ZG,"Macao SAR, China",MAC,7.97912445219357,5.74690230975131,9.24235287434405,10.7528069924555,-2.04831038847469,-21.5144113141449,-0.67894260033998,9.98319224383543,6.464613520943,-2.51198004420034,-54.011402150248,..
GDP growth (annual %),NY.GDP.MKTP.KD.ZG,Madagascar,MDG,3.12890505393186,4.45685893778607,3.01114811495027,2.30037623242904,3.33920311287621,3.13229807257076,3.99314606412389,3.93330759454741,3.19435651491895,4.41123213007131,-7.14061159103504,..
GDP growth (annual %),NY.GDP.MKTP.KD.ZG,Malawi,MWI,5.69229449375739,1.57607783650164,1.88579950695301,5.19999999707628,5.70000000410388,2.80000000006831,2.48404062523817,4.00003051707549,4.39168829609886,5.44818133617287,0.799998330902724,..
GDP growth (annual %),NY.GDP.MKTP.KD.ZG,Malaysia,MYS,9.00852713975699,8.85886816969386,5.47345419253853,4.69372252557893,6.00672194558203,5.09153242155011,4.44978139761541,5.81272240983328,4.84305660969693,4.43947128759625,-5.64694483644712,..
GDP growth (annual %),NY.GDP.MKTP.KD.ZG,Maldives,MDV,..,3.84581039203469,2.51738394219683,7.28107397899866,7.32962620344684,2.8845485296051,6.33830063626779,7.20991012345149,8.12312890817314,6.88368884556108,-33.499902099428,..
GDP growth (annual %),NY.GDP.MKTP.KD.ZG,Mali,MLI,-2.50239510347761,-0.0608349718131223,-0.83673463153076,2.29506828962617,7.08468388056527,6.17180002424978,5.85229919941415,5.30545608438166,4.74648432724561,4.75616080770808,-1.235450447077,..
GDP growth (annual %),NY.GDP.MKTP.KD.ZG,Malta,MLT,6.29139095831171,19.6812700987474,4.11770729935166,5.47335569545271,7.63353811230073,9.60813281079976,4.09091742885326,8.11942528928094,5.17922479608157,5.53956633683224,-7.00112961514149,..
GDP growth (annual %),NY.GDP.MKTP.KD.ZG,Marshall Islands,MHL,2.67624646362708,1.35407910881,-2.29521041422858,4.01797969879676,-0.950334664984581,1.61392146153455,1.3132581227826,3.25055480880046,3.57475098191667,6.64466373729447,-2.20760540236407,..
GDP growth (annual %),NY.GDP.MKTP.KD.ZG,Mauritania,MRT,-1.7713045336383,-3.91802587923293,4.47001318233693,4.15081318627171,4.27482327130284,5.37633923694936,1.26090922448303,6.27054569386574,4.52674622501065,5.75993058973705,-1.76332179417277,..
GDP growth (annual %),NY.GDP.MKTP.KD.ZG,Mauritius,MUS,7.18673677131321,8.2027917834951,3.49611835979293,3.36040609817579,3.74457577745544,3.5530717035885,3.83793265409193,3.81415210844426,3.75967722730337,3.01237590269628,-14.8946875651821,..
GDP growth (annual %),NY.GDP.MKTP.KD.ZG,Mexico,MEX,5.17576838619527,4.94245371467422,3.64232267941347,1.35409196151679,2.84977325490688,3.29315152833387,2.63053242455089,2.11312913549695,2.19499472522698,-0.176599456271802,-8.30903465889521,..
GDP growth (annual %),NY.GDP.MKTP.KD.ZG,"Micronesia, Fed. Sts.",FSM,3.74092685650476,4.83390378617111,-1.86681975475544,-3.67976779073483,-2.30577574529325,4.62188400404939,0.900180416516932,2.68218594445551,0.211653600126766,1.17479922829746,-1.76541515225117,..
GDP growth (annual %),NY.GDP.MKTP.KD.ZG,Moldova,MDA,..,2.10771604754427,-0.589734125919819,9.0438654824315,4.99962566891807,-0.338235324459944,4.40888672378215,4.69079339018722,4.30147774180656,3.68340426071718,-6.96904715700302,..
GDP growth (annual %),NY.GDP.MKTP.KD.ZG,Monaco,MCO,2.64345417269408,3.91022922578348,1.01221796129491,9.57489074294796,7.18918701152205,4.8634732114333,3.45155104747225,-3.50096142186499,5.95627041970343,6.90566549200324,-11.7527733755943,..
GDP growth (annual %),NY.GDP.MKTP.KD.ZG,Mongolia,MNG,-3.18446017802539,1.1460621368384,12.3198198484837,11.648916189886,7.88522548151936,2.37983580688504,1.48978448504865,5.63687638962695,7.7448806201857,5.60224421870959,-4.55775197337685,..
GDP growth (annual %),NY.GDP.MKTP.KD.ZG,Montenegro,MNE,..,3.10000018370357,-2.72379077130623,3.54897991245058,1.78369858106701,3.39038139712073,2.94928032097511,4.71646527572034,5.0778888113381,4.06294499167197,-15.3068937570407,..
GDP growth (annual %),NY.GDP.MKTP.KD.ZG,Morocco,MAR,3.4118122263138,1.91287298063767,3.00996126221978,4.53542420003856,2.66949392694423,4.53637816806425,1.05985639008179,4.25460327324099,3.148502655914,2.60793549462446,-6.29325315954672,..
GDP growth (annual %),NY.GDP.MKTP.KD.ZG,Mozambique,MOZ,0.999992833134172,1.18030078891616,7.25843925258778,6.96360713487071,7.39851279713864,6.72327878035819,3.82421431921188,3.74131759312564,3.44381383971462,2.31460601020051,-1.23390571070034,..
GDP growth (annual %),NY.GDP.MKTP.KD.ZG,Myanmar,MMR,3.24814801437812,12.4181916439086,6.4857540044064,7.89866947823812,8.19966375042618,3.27727941700189,10.5077807807102,5.75006450029507,6.404977325147,6.7504601462238,3.17377440041078,..
GDP growth (annual %),NY.GDP.MKTP.KD.ZG,Namibia,NAM,2.04745993950679,3.49218336365178,5.0616820696264,5.61471962254485,6.09251915977956,4.26417453763675,0.0337944502063294,-1.02725082701774,1.05994347072928,-0.888099159557285,-8.50014903765293,..
GDP growth (annual %),NY.GDP.MKTP.KD.ZG,Nauru,NRU,..,..,11.3636363636364,30.6122448979592,26.5625,3.7037037037037,3.57142857142858,-5.74712643678161,6.09756097560977,0,1.14942528735634,..
GDP growth (annual %),NY.GDP.MKTP.KD.ZG,Nepal,NPL,4.63503634705992,6.19999998759799,4.43849350450829,3.52515317129149,6.01148284250441,3.97605327162971,0.433113719381524,8.97727935643466,7.62237610539864,6.65705542802834,-2.08837869543885,..
GDP growth (annual %),NY.GDP.MKTP.KD.ZG,Netherlands,NLD,4.18322298634072,4.1956424978691,-1.03035399148436,-0.130175288449919,1.42339539510084,1.95916972105708,2.19171371926123,2.91090251315005,2.36091509478513,1.95558841574046,-3.79863599268334,..
GDP growth (annual %),NY.GDP.MKTP.KD.ZG,New Caledonia,NCL,3.60000127425515,2.10010882688805,..,..,..,..,..,..,..,..,..,..
GDP growth (annual %),NY.GDP.MKTP.KD.ZG,New Zealand,NZL,0.152969260726451,2.9050229876697,2.24064086979132,2.69578385886643,3.81383101625926,3.70737581770793,3.73007989347536,3.61328155307372,3.20574787992723,1.63393261347822,1.86285153314982,..
GDP growth (annual %),NY.GDP.MKTP.KD.ZG,Nicaragua,NIC,-0.0524997208626701,4.10159025073438,6.49602607930532,4.92682563439229,4.78584705943099,4.79208628219105,4.56295442923394,4.63253398090997,-3.36368764606334,-3.67479457842713,-1.97732939329578,..
GDP growth (annual %),NY.GDP.MKTP.KD.ZG,Niger,NER,-1.30847828389474,-1.20847774291374,10.5489445758894,5.31513063575689,6.64213665404844,4.39264883201906,5.74089315058157,5.00135994506591,7.21080300824623,5.94139686297071,3.58000640281861,..
GDP growth (annual %),NY.GDP.MKTP.KD.ZG,Nigeria,NGA,11.7768859323494,5.01593475720539,4.23006117510553,6.67133539288378,6.30971865572383,2.65269329541835,-1.61686894991816,0.805886619542704,1.92275734157302,2.2084292771582,-1.79425308233591,..
GDP growth (annual %),NY.GDP.MKTP.KD.ZG,North Macedonia,MKD,..,4.54913578288874,-0.456183223607937,2.92525766450484,3.62912351276373,3.85586514041738,2.84820519363306,1.08177273813243,2.88059670964267,3.91041953840173,-5.20844405705904,..
GDP growth (annual %),NY.GDP.MKTP.KD.ZG,Northern Mariana Islands,MNP,..,..,0.810810810810807,2.68096514745308,4.177545691906,3.38345864661653,29.2121212121212,23.1707317073171,-19.3450114242194,-11.1425873465534,..,..
GDP growth (annual %),NY.GDP.MKTP.KD.ZG,Norway,NOR,1.93241982650521,3.20497922225218,2.70310947059309,1.03407291353631,1.9695443007939,1.96712843821408,1.07155897720727,2.32329020838249,1.11882847945122,0.745798219243483,-0.717182669244792,..
GDP growth (annual %),NY.GDP.MKTP.KD.ZG,Oman,OMN,-0.130425740072369,6.55106665009195,8.86312225557018,5.22770408145942,1.29225229411081,5.01705799719045,5.04642394571691,0.304057565922449,1.28710391543288,-1.12920645748066,-3.2009359899042,..
GDP growth (annual %),NY.GDP.MKTP.KD.ZG,Pakistan,PAK,4.4585868150981,4.2600880114509,3.50703342009689,4.39645663349772,4.67470798143725,4.73114747532901,5.52673584474448,5.55427743729406,5.83641749754401,1.14474960525021,-0.935389532589809,..
GDP growth (annual %),NY.GDP.MKTP.KD.ZG,Palau,PLW,..,..,1.67260259494013,-3.38731639550434,6.29384737719647,7.53906979437211,-0.0833637300741401,-3.28378845489111,-0.107219442458899,-1.89624329159213,-9.73741794310722,..
GDP growth (annual %),NY.GDP.MKTP.KD.ZG,Panama,PAN,8.09899300563279,2.71537415482821,9.77882751267339,6.90343676919669,5.06661313008863,5.73269026026031,4.95343493687773,5.59132827378306,3.68534434861736,2.97971546082071,-17.9448639999999,..
GDP growth (annual %),NY.GDP.MKTP.KD.ZG,Papua New Guinea,PNG,-3.01216922049173,-2.49484199260023,4.65711959686239,3.82494632800675,13.5437706216546,6.57835632304275,5.48957315278187,3.53461081750459,-0.279252284959952,4.48043060824274,-3.50000000000009,..
GDP growth (annual %),NY.GDP.MKTP.KD.ZG,Paraguay,PRY,4.12328287958157,-2.31414056819045,-0.708043112316886,8.29307648940471,5.30123859237025,2.95715173487106,4.26802583314583,4.81007885554041,3.20425034076639,-0.40185510068001,-0.565695446951935,..
GDP growth (annual %),NY.GDP.MKTP.KD.ZG,Peru,PER,-4.98256353646605,2.69437139806912,6.13972470560435,5.85251821084928,2.38215737180541,3.25224477218451,3.95331871520767,2.51883544233135,3.96915687018075,2.2039747486556,-11.1488118768393,..
GDP growth (annual %),NY.GDP.MKTP.KD.ZG,Philippines,PHL,3.08267252824133,4.38250483357412,6.89695171057481,6.7505313017783,6.3479874825028,6.3483097167198,7.1494567495987,6.93098832586378,6.34148557148761,6.11852566256255,-9.57302987461006,..
GDP growth (annual %),NY.GDP.MKTP.KD.ZG,Poland,POL,..,4.56102589574685,1.32489630473351,1.12576338579674,3.37858171481973,4.23632684997848,3.14172577829697,4.8306560054433,5.35370335471698,4.74495015589534,-2.5406586820496,..
GDP growth (annual %),NY.GDP.MKTP.KD.ZG,Portugal,PRT,3.95052276325154,3.81617806346979,-4.05729360769561,-0.922644674527888,0.792190301875365,1.79204604555983,2.01948539561312,3.5063452848124,2.84932593436179,2.68275992118076,-8.44245642824731,..
GDP growth (annual %),NY.GDP.MKTP.KD.ZG,Puerto Rico,PRI,-2.84054072620243,3.2719645286232,0.0292751104899338,-0.306826657099961,-1.19036345385329,-1.04944365110551,-1.26300292505279,-2.88595475858821,-4.14747474747475,1.48481463527726,-3.90330519298465,..
GDP growth (annual %),NY.GDP.MKTP.KD.ZG,Qatar,QAT,..,..,4.73001184360784,5.55604064306607,5.33432329196459,4.75334572438737,3.06419188430156,-1.49760470227838,1.23487220191065,0.688240959581606,-3.55760399909461,..
GDP growth (annual %),NY.GDP.MKTP.KD.ZG,Romania,ROU,..,2.4612634592269,2.04066513079732,3.77096230437297,3.60872365319838,2.95367403735953,4.70299774749441,7.31944852925453,4.47452377497343,4.18826034117856,-3.93045405715536,..
GDP growth (annual %),NY.GDP.MKTP.KD.ZG,Russian Federation,RUS,-2.9999956422359,10.000066815788,4.02408615720979,1.75542214909368,0.736267221415574,-1.97271922637542,0.193690071729534,1.82579006355112,2.80724541049418,2.03298273919678,-2.95127389914892,..
GDP growth (annual %),NY.GDP.MKTP.KD.ZG,Rwanda,RWA,-2.39929109691013,8.37091824035809,8.64150016870721,4.71985419565317,6.16716670064956,8.85684435529079,5.97074429808526,3.97628969448469,8.57942454050658,9.46068248236998,-3.35547212198846,..
GDP growth (annual %),NY.GDP.MKTP.KD.ZG,Samoa,WSM,-4.42145094868896,6.9187944544926,-4.08449401325466,-0.34232733585111,0.0521706140324483,4.29688076483583,8.12624935295858,1.04243371916148,-1.23316240720041,4.37982554521874,-2.59260829960374,..
GDP growth (annual %),NY.GDP.MKTP.KD.ZG,San Marino,SMR,..,2.17937971500419,-7.04453441295546,-0.78397212543554,-0.702370500438988,2.29150556129267,2.34440586055425,0.258265466328055,1.54476112853661,2.37470156492515,..,..
GDP growth (annual %),NY.GDP.MKTP.KD.ZG,Sao Tome and Principe,STP,..,..,3.14197645952099,4.81479265412412,6.54993495501441,3.91133798862562,4.16476897372846,3.84898091798067,2.94526890871829,2.21085583286091,3.08972555522433,..
GDP growth (annual %),NY.GDP.MKTP.KD.ZG,Saudi Arabia,SAU,15.1934258901094,5.62541614258343,5.41144490216435,2.69925472255672,3.65248169757899,4.10640887013656,1.67062475765871,-0.74150265286427,2.43411078064224,0.331435728597114,-4.10658341325225,..
GDP growth (annual %),NY.GDP.MKTP.KD.ZG,Senegal,SEN,-0.746282222903886,3.88721095816793,4.00299555090457,2.41238527605579,6.22407443790986,6.36704365066983,6.35606857181878,7.4074861863013,6.20924103389086,4.40240683638351,1.49976342727345,..
GDP growth (annual %),NY.GDP.MKTP.KD.ZG,Serbia,SRB,..,6.13181308953254,-0.68154236933475,2.89263673355808,-1.58951031990257,1.80605926509682,3.33858676542988,2.10116384741241,4.4951212927627,4.33173490608283,-0.94459651550703,..
GDP growth (annual %),NY.GDP.MKTP.KD.ZG,Seychelles,SYC,6.99554469003365,1.51433881472376,1.26082883408726,6.01807682463131,4.50478524378195,4.93738561888499,4.56262327793877,4.73836088608091,1.77118346744531,1.1910057381789,-10.7709214792022,..
GDP growth (annual %),NY.GDP.MKTP.KD.ZG,Sierra Leone,SLE,3.34999798387724,6.65272788470479,15.1817690830225,20.7157682858728,4.55677236615293,-20.5987707154032,6.05547402877262,4.19261007429208,3.46460213996657,5.25424120251536,-1.96894782045837,..
GDP growth (annual %),NY.GDP.MKTP.KD.ZG,Singapore,SGP,9.82104913117239,9.03914675133963,4.46160895101333,4.83729864576097,3.93800272866056,2.98852067557713,3.32903445814925,4.52037947555507,3.49746960110137,1.34521748573569,-5.39102140610559,..
GDP growth (annual %),NY.GDP.MKTP.KD.ZG,Sint Maarten (Dutch part),SXM,..,..,1.39054666984961,1.30672788274767,1.5803846377317,0.400000000000006,0.499999999999986,-5.80000000000001,-6.59999999999987,..,..,..
GDP growth (annual %),NY.GDP.MKTP.KD.ZG,Slovak Republic,SVK,..,1.16652907288271,1.35822680585574,0.654765293802129,2.72437381743123,5.21564980342959,1.93168080366164,2.98018707320405,3.79441055314645,2.60536932770232,-4.35875380792719,..
GDP growth (annual %),NY.GDP.MKTP.KD.ZG,Slovenia,SVN,..,3.67237154968245,-2.63943875676689,-1.02928277204056,2.76815883065036,2.21008160650594,3.19185251782498,4.81538063231366,4.4225215682918,3.25053133558204,-4.22926138908075,..
GDP growth (annual %),NY.GDP.MKTP.KD.ZG,Solomon Islands,SLB,2.20304337951396,-14.2751369761587,1.86046511627906,5.3310502283105,1.05126259889454,1.41570141570142,5.87986463620982,5.34358769476628,3.94424954963497,1.20404998631763,-4.31726002703921,..
GDP growth (annual %),NY.GDP.MKTP.KD.ZG,Somalia,SOM,-1.48407568424224,..,..,..,7.50710003887016,14.895301418612,8.39934578091814,2.59256022341189,7.67887980204993,8.08144002189277,2.44021097265804,..
GDP growth (annual %),NY.GDP.MKTP.KD.ZG,South Africa,ZAF,-0.317785675763488,4.20000000067826,2.39623238465745,2.48546800826588,1.41382645223793,1.32186223678229,0.664552307858116,1.15794695181735,1.48761737271568,0.113053696742199,-6.43197482605483,..
GDP growth (annual %),NY.GDP.MKTP.KD.ZG,South Sudan,SSD,..,..,-46.0821223743007,13.1297311406943,3.37364847715736,-10.7933646271143,..,..,..,..,..,..
GDP growth (annual %),NY.GDP.MKTP.KD.ZG,Spain,ESP,3.78139337826686,5.24599468041613,-2.95944130173555,-1.43539425919327,1.38390794267029,3.83517266033846,3.03130132981933,2.97364119053731,2.28878567617447,2.08519142117105,-10.8228864939664,..
GDP growth (annual %),NY.GDP.MKTP.KD.ZG,Sri Lanka,LKA,6.3999953069393,6.00003316014399,9.14457224642567,3.39573264983426,4.96070059169729,5.00768330472783,4.48663453096836,3.5781696792194,3.27200047854103,2.25517652855038,-3.5690761372374,..
GDP growth (annual %),NY.GDP.MKTP.KD.ZG,St. Kitts and Nevis,KNA,4.87725151603959,10.042808415173,-2.22801230701,5.38369073404171,6.28480423542324,1.03370422492432,13.394861311528,0.899999116287702,2.6999994657438,4.79999952242969,-14.3999965497237,..
GDP growth (annual %),NY.GDP.MKTP.KD.ZG,St. Lucia,LCA,9.89070152928615,0.0487485535201131,-0.199851740436472,-3.17437760445316,1.75866590118241,-1.36048466199094,3.6463151711385,3.50175264647056,2.92642088454855,-0.063943687373154,-20.3736417898159,..
GDP growth (annual %),NY.GDP.MKTP.KD.ZG,St. Martin (French part),MAF,..,..,..,..,..,..,..,..,..,..,..,..
GDP growth (annual %),NY.GDP.MKTP.KD.ZG,St. Vincent and the Grenadines,VCT,6.94272739695639,1.63903324259671,1.37901446432949,1.83785744513634,1.21104185218167,1.33145639040413,1.89858763602686,0.999772778913879,2.15973003374579,0.534023342876026,-3.25283390832922,..
GDP growth (annual %),NY.GDP.MKTP.KD.ZG,Sudan,SDN,-5.4700537761547,6.34586776869925,-17.0046884048945,1.95514463302422,4.66137954229873,1.91017689052751,3.46764218409288,0.70925628476644,-2.6809305497999,-2.17825104530091,-3.62980562615675,..
GDP growth (annual %),NY.GDP.MKTP.KD.ZG,Suriname,SUR,-4.49999999999977,2.09999886750489,2.69034974668847,2.9334416518612,0.255503031645475,-3.41109601307089,-4.91578646874108,1.56719106520956,4.94827076559268,1.09846777827852,-15.9079511896139,..
GDP growth (annual %),NY.GDP.MKTP.KD.ZG,Sweden,SWE,0.754674768666845,4.7663488714872,-0.588304568990736,1.187775715906,2.65779827531642,4.48928158790491,2.07059315052096,2.56792452526476,1.95002284569983,1.98619587380391,-2.94812787928382,..
GDP growth (annual %),NY.GDP.MKTP.KD.ZG,Switzerland,CHE,3.67462569741268,3.97640923409377,1.21719365684089,1.82166779082581,2.44684515688446,1.65776871127174,2.04518646926613,1.58481961645738,2.91690509826611,1.21099220711962,-2.39282604159746,..
GDP growth (annual %),NY.GDP.MKTP.KD.ZG,Syrian Arab Republic,SYR,3.73955590233751,0.675642589410501,-26.3390170772532,-26.3000876615061,-10.310339909053,-3.18728129711911,-5.63043804992256,-0.727486723592449,1.47576647550751,3.74777538743783,..,..
GDP growth (annual %),NY.GDP.MKTP.KD.ZG,Tajikistan,TJK,-0.59999963133663,8.32432449473859,7.49999946321525,7.39999974700379,6.70000069016253,5.99999926409104,6.89999961998744,7.100001403137,7.59999938722835,7.39999963813631,4.49999951669761,..
GDP growth (annual %),NY.GDP.MKTP.KD.ZG,Tanzania,TZA,7.04507164384178,4.52078463488321,4.50015355982126,6.78158560065316,6.73246186832483,6.16062877406682,6.86711619644551,6.78568011405198,5.44496760087571,5.79999997709915,1.99634350627701,..
GDP growth (annual %),NY.GDP.MKTP.KD.ZG,Thailand,THA,11.1671634446293,4.45524704335014,7.24279620249642,2.68749556320556,0.984468863619426,3.13404724911635,3.43515771692182,4.1776810321001,4.18958549566707,2.26643367175595,-6.09898384267129,..
GDP growth (annual %),NY.GDP.MKTP.KD.ZG,Timor-Leste,TLS,..,..,4.85336450127507,3.06826452932079,4.51203965442753,2.76107911021018,3.38530654893876,-3.07109976075395,-0.687542477354754,19.5358102438791,10.37185523562,..
GDP growth (annual %),NY.GDP.MKTP.KD.ZG,Togo,TGO,-0.243656135667237,-0.783479606389903,6.54350702926607,6.11234307664826,5.92058857323032,5.74286845286585,5.55907930535146,4.34774823822544,4.97621309973984,5.45992144835783,1.75282496719069,..
GDP growth (annual %),NY.GDP.MKTP.KD.ZG,Tonga,TON,-2.04409143450813,0.875990063008445,0.823102717964815,0.312307909294702,2.01870046039205,1.17188825589601,6.57100050107448,3.32243254438831,0.300009403851803,0.734030017207445,0.654698595700353,..
GDP growth (annual %),NY.GDP.MKTP.KD.ZG,Trinidad and Tobago,TTO,1.50916784203096,6.90135959072803,1.26996436520241,2.2290748047658,-0.912544968808234,1.48378103427828,-5.60181813910879,-2.98734019720676,0.0660497745971185,-1.24642733552926,-7.85393994847536,..
GDP growth (annual %),NY.GDP.MKTP.KD.ZG,Tunisia,TUN,7.94981943592951,4.70997290290083,3.91327586923779,2.14306441994192,2.70660856640758,1.00018078425357,1.11742585685852,2.24420096790901,2.51090707193929,1.40197667646078,-9.18237259399903,..
GDP growth (annual %),NY.GDP.MKTP.KD.ZG,Turkey,TUR,9.26614667149323,6.93323970455904,4.78849271108008,8.48581699653026,4.9397151613658,6.08448690443663,3.32308420845746,7.50199748917491,2.97988523467896,0.889585160591679,1.79355139618684,..
GDP growth (annual %),NY.GDP.MKTP.KD.ZG,Turkmenistan,TKM,35.3845581084463,5.46906413252854,11.0999999615545,10.200000101399,10.2999999705459,6.49999990951666,6.1999999664301,6.50000004682975,6.19999994137119,6.3,..,..
GDP growth (annual %),NY.GDP.MKTP.KD.ZG,Turks and Caicos Islands,TCA,..,..,-0.97229935533214,1.07088049554034,8.71129580824214,11.3148293929929,7.25118627570257,-2.490222604148,5.61095461704357,5.32455729668722,-26.7828754013661,..
GDP growth (annual %),NY.GDP.MKTP.KD.ZG,Tuvalu,TUV,..,-0.970599813962565,-3.83574882108887,4.57682370419997,1.34801268229315,9.14289393283154,3.03472315323769,4.09401771680183,2.49999999999999,9.75609756097562,4.40000000000001,..
GDP growth (annual %),NY.GDP.MKTP.KD.ZG,Uganda,UGA,6.47414015085846,3.14190733834658,3.83745560594542,3.58690582632293,5.10630732429082,5.18785986254728,4.78100029144677,3.13140551785879,6.30392378090806,6.43874503365606,2.9513064215777,..
GDP growth (annual %),NY.GDP.MKTP.KD.ZG,Ukraine,UKR,-6.34523512849134,5.89999999999992,0.152314965112083,0.045439093794883,-10.0788949842281,-9.77298721103519,2.4409819445784,2.35997228099491,3.4883623420827,3.19950386231294,-4.00000610071135,..
GDP growth (annual %),NY.GDP.MKTP.KD.ZG,United Arab Emirates,ARE,18.3279855336405,10.8527042125986,4.48379198460323,5.05307785501631,4.41008525984844,5.06033486435939,2.98421609131721,2.37355105709227,1.18985564163665,3.41153868634566,-6.13450080253007,..
GDP growth (annual %),NY.GDP.MKTP.KD.ZG,United Kingdom,GBR,0.733755520212199,3.6723691050331,1.46988752075868,1.8900183424514,2.99116481375781,2.62259667901294,2.26346353784494,2.13445309331686,1.65092549602133,1.67194419724758,-9.39616000598907,..
GDP growth (annual %),NY.GDP.MKTP.KD.ZG,United States,USA,1.88596495768836,4.12748401690885,2.24954585238848,1.84208107064158,2.52597344637341,3.0755146497898,1.71142677366849,2.33267939548638,2.99646435222829,2.16117651518969,-3.40459157333871,..
GDP growth (annual %),NY.GDP.MKTP.KD.ZG,Uruguay,URY,0.297348378311128,-1.92993063772035,3.5381787065877,4.6375386412851,3.23879121744656,0.370741265001499,1.68979816429228,1.62775397322494,0.477907183899063,0.350447153086122,-5.85872124345026,..
GDP growth (annual %),NY.GDP.MKTP.KD.ZG,Uzbekistan,UZB,1.60000000555944,3.83499999926997,7.10244488706955,7.29655036964023,6.87383844082959,7.21877350826054,5.93215079992144,4.39527463345708,5.35499688821734,5.7096322218392,1.71477057564864,..
GDP growth (annual %),NY.GDP.MKTP.KD.ZG,Vanuatu,VUT,11.6956997985937,5.92480905652914,1.01002991377794,0.4686084593408,3.1262462504118,0.37157845181251,4.68867782300617,6.31560419866872,2.90023027256446,3.91253473745795,-6.81399113238088,..
GDP growth (annual %),NY.GDP.MKTP.KD.ZG,"Venezuela, RB",VEN,6.46794085305808,3.68694416687683,5.62595697508641,1.34309403607476,-3.89438647450662,..,..,..,..,..,..,..
GDP growth (annual %),NY.GDP.MKTP.KD.ZG,Vietnam,VNM,5.10091814039046,6.78731640822197,5.2473671560487,5.42188299130713,5.98365463697851,6.67928878891428,6.21081166789992,6.8122456596398,7.07578861674985,7.0174348821878,2.9058355842084,..
GDP growth (annual %),NY.GDP.MKTP.KD.ZG,Virgin Islands (U.S.),VIR,..,..,-14.8125,-6.28515529469308,-1.77453027139875,-0.425079702444208,1.6008537886873,-0.735294117647058,1.58730158730158,2.21354166666667,..,..
GDP growth (annual %),NY.GDP.MKTP.KD.ZG,West Bank and Gaza,PSE,..,-8.55618356677994,6.09645656326154,4.69856986552234,-0.157866650855297,3.72129967114788,8.86461881995935,1.41936756294787,1.22707737782703,1.36268746558062,-11.4574515130457,..
GDP growth (annual %),NY.GDP.MKTP.KD.ZG,"Yemen, Rep.",YEM,..,6.1819155928913,2.3928856820532,4.82341498124977,-0.188573712158529,-27.9945462536875,-9.37512381761694,-5.07179563883867,0.75244741049714,..,..,..
GDP growth (annual %),NY.GDP.MKTP.KD.ZG,Zambia,ZMB,-0.481072027781664,3.89732294341896,7.59759321053191,5.05723173979734,4.69799236252986,2.92037511217961,3.77667914626731,3.50433609558682,4.03449389667165,1.44130602603785,-2.78505506545167,..
GDP growth (annual %),NY.GDP.MKTP.KD.ZG,Zimbabwe,ZWE,6.98855293318539,-3.05918976180379,16.6654287684679,1.98949276207208,2.37692932698003,1.77987270340299,0.755869250930601,4.70949217898975,4.82421053956361,-6.14423631439116,-6.24874822378281,..
GDP growth (annual %),NY.GDP.MKTP.KD.ZG,Africa Eastern and Southern,AFE,0.0508256656223978,3.19714270121052,1.97265170173246,4.30836981578138,3.98675439778712,2.92559080164519,2.01939062836405,2.54229793216005,2.47527173582702,2.07789785482258,-2.9391855811122,..
GDP growth (annual %),NY.GDP.MKTP.KD.ZG,Africa Western and Central,AFW,6.56292134761038,3.73463529269988,5.1429642611011,6.10424072497133,5.92734988379846,2.74593662612487,0.127594842940539,2.31804152943607,2.95223031342169,3.19033646943127,-0.884980919459011,..
GDP growth (annual %),NY.GDP.MKTP.KD.ZG,Arab World,ARB,12.3730982695226,6.59948506703489,5.04188967599507,2.96504944684483,2.55793697080095,3.00227567032105,3.20003366601181,0.929186997414092,2.39775322151057,2.05038751157234,-5.28184428753164,..
GDP growth (annual %),NY.GDP.MKTP.KD.ZG,Caribbean small states,CSS,0.925589972595191,3.73276066759746,1.3370659163491,0.623889957326696,0.700992471996102,1.06911233553791,-1.14202902796094,0.0893773436898186,1.87218688426547,0.616387706486776,-8.16130498895376,..
GDP growth (annual %),NY.GDP.MKTP.KD.ZG,Central Europe and the Baltics,CEB,..,3.95539217254183,0.763027621865177,1.23925880311226,2.9834711121796,3.94758241742625,3.07029904803191,4.8785163892174,4.4911537064342,4.07210227732671,-3.81390515338175,..
GDP growth (annual %),NY.GDP.MKTP.KD.ZG,Early-demographic dividend,EAR,5.43600487124097,4.40824763811514,3.96504572735377,4.32631119757463,4.22306086852244,4.46632947353353,4.67794916350752,4.56016306137761,3.66916267706262,2.2973948397337,-4.50556099273764,..
GDP growth (annual %),NY.GDP.MKTP.KD.ZG,East Asia & Pacific,EAS,5.10126246432765,5.39115692911398,5.18010913050493,5.24344010387875,4.75141959008958,4.70980204660421,4.65861690439912,5.04825506555568,4.73026527339759,4.06404875788033,-0.133318686536555,..
GDP growth (annual %),NY.GDP.MKTP.KD.ZG,East Asia & Pacific (excluding high income),EAP,5.16709985786892,7.63979190985815,7.57833864527298,7.3000268421933,6.98008909717922,6.6833830369017,6.57877649393856,6.70244130579928,6.5155063284875,5.77574914947532,1.37857512990216,..
GDP growth (annual %),NY.GDP.MKTP.KD.ZG,East Asia & Pacific (IDA & IBRD countries),TEA,5.16709985786892,7.63979190985815,7.57902252049956,7.30047987989713,6.98047351441673,6.6835664284562,6.57903501430917,6.70280521513742,6.51554185271404,5.77583399723255,1.3783061144856,..
GDP growth (annual %),NY.GDP.MKTP.KD.ZG,Euro area,EMU,3.60332562724584,3.86415592951724,-0.842676535215659,-0.220297646975226,1.40164613960268,2.06252218868252,1.86453939987854,2.61370004484843,1.83262236885933,1.5649254585049,-6.39422170923456,..
GDP growth (annual %),NY.GDP.MKTP.KD.ZG,Europe & Central Asia,ECS,2.33362940822815,4.26326980702099,0.352262674602059,0.89655500744945,1.88413311050317,2.11820744042595,1.96983088352631,2.81854469921991,2.17270174831053,1.80383139660181,-5.5805828270023,..
GDP growth (annual %),NY.GDP.MKTP.KD.ZG,Europe & Central Asia (excluding high income),ECA,-1.45683214725436,8.02583408268467,3.86591927638787,4.03111709874618,2.13648974975753,1.02056160261574,1.75544557291076,4.12784422187281,3.2279806247107,2.31442880725514,-1.54396002239542,..
GDP growth (annual %),NY.GDP.MKTP.KD.ZG,Europe & Central Asia (IDA & IBRD countries),TEC,-1.45683214725437,7.39894270738743,3.43401367457095,3.58950154080611,2.25916077281234,1.45347464427226,1.96264117318951,4.21147557379031,3.50836061724958,2.66222000159384,-1.77685331143942,..
GDP growth (annual %),NY.GDP.MKTP.KD.ZG,European Union,EUU,3.38212220344703,3.8998408566042,-0.706731740751565,-0.0319933353232074,1.5756686283886,2.31070791691803,2.00826603856383,2.81359491783975,2.06549854425029,1.81685028941465,-5.95577847180422,..
GDP growth (annual %),NY.GDP.MKTP.KD.ZG,Fragile and conflict affected situations,FCS,11.0233787435009,5.52379415108442,5.13029988195761,4.65249660369773,3.68384029769935,1.6041337626159,2.18604598896476,1.91863179362595,2.74408837044999,3.05448325063698,-4.73779618125812,..
GDP growth (annual %),NY.GDP.MKTP.KD.ZG,Heavily indebted poor countries (HIPC),HPC,-0.451496841013579,2.74200541432539,3.93737002420241,5.7388996684607,5.81368242423142,4.78292098985298,4.42345176744597,5.00421850187172,4.34509151197024,4.41894762256578,0.381128607680509,..
GDP growth (annual %),NY.GDP.MKTP.KD.ZG,High income,HIC,3.10930013557351,4.11483495833782,1.38116109902194,1.50557831947128,2.15518603299458,2.50197873417942,1.82709364166351,2.37785934908155,2.35182560263034,1.76367519614162,-4.48778987331492,..
GDP growth (annual %),NY.GDP.MKTP.KD.ZG,IBRD only,IBD,1.92829634183771,5.90348127531925,5.35294612789781,5.35689067360423,4.80756412606355,4.43207634080014,4.66947383030526,5.2062041012543,4.85066805456714,3.97938040304091,-1.50103699516393,..
GDP growth (annual %),NY.GDP.MKTP.KD.ZG,IDA & IBRD total,IBT,2.10920848919905,5.73016595601028,5.19451857243654,5.35431520622805,4.86265133825529,4.3496074357115,4.55769893133868,5.12409417979475,4.82294987214978,3.97962213172968,-1.40239984775179,..
GDP growth (annual %),NY.GDP.MKTP.KD.ZG,IDA blend,IDB,6.48237034170424,3.67810177706448,4.57515727514479,5.53518164379491,5.84519259564931,3.81779629938501,1.6854860174318,2.8540732483302,3.63763771760865,2.33867122136657,-1.32075992825219,..
GDP growth (annual %),NY.GDP.MKTP.KD.ZG,IDA only,IDX,1.20972859494843,3.82827578410047,1.92859589545191,5.10954927421095,5.27177679607213,2.81822175836363,4.61032212308888,5.25880850076983,5.25216938934267,5.53019581662441,1.00954486354546,..
GDP growth (annual %),NY.GDP.MKTP.KD.ZG,IDA total,IDA,3.99324364421389,3.7541570271691,3.23102742064589,5.32173973434389,5.55722579967062,3.31717199414376,3.14327900938459,4.06968586363685,4.46312179992793,3.98277181360586,-0.110195190133211,..
GDP growth (annual %),NY.GDP.MKTP.KD.ZG,Late-demographic dividend,LTE,0.467420242360333,6.98377626991808,5.85047172080581,5.66447735294264,5.1931802041079,4.67219969885674,4.44418288621631,5.295702977611,5.39411552469468,4.70913064475378,0.142040945896341,..
GDP growth (annual %),NY.GDP.MKTP.KD.ZG,Latin America & Caribbean,LCN,-0.476397726938586,3.57566556978817,2.50614940726915,2.87580792777867,1.36547680004813,0.544536345334151,-0.152699274074905,1.87589603981802,1.62537578829041,0.797500501372681,-6.72242728622075,..
GDP growth (annual %),NY.GDP.MKTP.KD.ZG,Latin America & Caribbean (excluding high income),LAC,-0.534367225365386,3.550758473695,2.45119228953359,2.91130165010263,1.39536032591148,0.475019487765408,-0.232559819354307,2.05316995098153,1.65484388954332,0.787154649957913,-6.78442876037036,..
GDP growth (annual %),NY.GDP.MKTP.KD.ZG,Latin America & the Caribbean (IDA & IBRD countries),TLA,-0.342241956746648,3.54568352573759,2.58102394379385,2.98307186553029,1.4287950651525,0.501629067732139,-0.151234154795034,1.98443935926034,1.72945510415275,0.80040525737941,-6.65871939280149,..
GDP growth (annual %),NY.GDP.MKTP.KD.ZG,Least developed countries: UN classification,LDC,0.52340580644929,4.13486952711249,3.22504362081702,5.72102041554365,5.5847882382328,2.43728694597995,3.82942177091334,4.47284289101219,4.51685422358912,5.02354842643513,0.691476696165054,..
GDP growth (annual %),NY.GDP.MKTP.KD.ZG,Low & middle income,LMY,2.06595538177363,5.78863322761052,5.28741677065101,5.45466555037331,4.92317733133515,4.38511230298846,4.61461561014509,5.16862880214914,4.82886103523361,3.98948125928185,-1.35216094854491,..
GDP growth (annual %),NY.GDP.MKTP.KD.ZG,Low income,LIC,-1.46655337876666,2.97066605019114,-3.25656219618668,3.40562576604795,4.3492483443089,-0.493910526831243,2.21923017617665,3.13278738522096,3.543556322192,4.41636091234403,0.621414105831988,..
GDP growth (annual %),NY.GDP.MKTP.KD.ZG,Lower middle income,LMC,4.85579837825807,4.43114333494539,4.24146665540943,5.09827226195345,5.52999885234857,5.03545427189312,5.93679851650523,5.17946090929165,4.61089363476297,3.56429057889684,-3.41583213319029,..
GDP growth (annual %),NY.GDP.MKTP.KD.ZG,Middle East & North Africa,MEA,13.15608171023,6.78927715253145,3.46222139115405,2.74432050512587,2.93910834831246,2.39252278037627,4.58401241338488,1.65919844585569,1.47567706904941,1.16101939004506,-3.98774252432908,..
GDP growth (annual %),NY.GDP.MKTP.KD.ZG,Middle East & North Africa (excluding high income),MNA,12.0243599790083,6.0979630421097,1.8595544542565,1.44828894879747,1.98730121476514,0.659839068738137,6.71422054872393,2.81672059902928,0.599138759396681,0.556792432092962,-3.4879147659418,..
GDP growth (annual %),NY.GDP.MKTP.KD.ZG,Middle East & North Africa (IDA & IBRD countries),TMN,12.0243599790083,6.23983056581379,1.81972857860326,1.41645381013187,2.00895799966962,0.62958826512758,6.69231927375584,2.83124205755274,0.592702743538624,0.54848037317754,-3.4041558537275,..
GDP growth (annual %),NY.GDP.MKTP.KD.ZG,Middle income,MIC,2.12745757557214,5.84148729200076,5.43809116564292,5.48782090349242,4.93238286581048,4.46293450031565,4.65100991935952,5.19884161800874,4.84756092973646,3.98334783149133,-1.37966130484422,..
GDP growth (annual %),NY.GDP.MKTP.KD.ZG,North America,NAC,1.884970956833,4.18528671375769,2.20747288929077,1.88012579264185,2.55125484142012,2.88059584433935,1.6548181412017,2.38833208138249,2.97807850490453,2.13854121090904,-3.54858660544932,..
GDP growth (annual %),NY.GDP.MKTP.KD.ZG,Not classified,INX,..,..,..,..,..,..,..,..,..,..,..,..
GDP growth (annual %),NY.GDP.MKTP.KD.ZG,OECD members,OED,3.03831590860885,4.05855631284102,1.37067831581194,1.53152348737815,2.1679657650467,2.59126251386479,1.85169821293316,2.50893733635864,2.3729553215215,1.74137219097817,-4.46933139207775,..
GDP growth (annual %),NY.GDP.MKTP.KD.ZG,Other small states,OSS,..,..,3.57358751467882,3.7138317499235,3.78917199004644,3.08720255474506,2.9850203549924,1.23797212198117,2.20916371016872,2.09695113666042,-5.1075217392263,..
GDP growth (annual %),NY.GDP.MKTP.KD.ZG,Pacific island small states,PSS,3.94047907592379,-1.54981820122775,0.76017095001535,3.29972591483379,3.64043288027941,3.66558188832408,3.72949132885903,4.3481105469958,2.91754727648647,0.91132611409644,-9.89531172078412,..
GDP growth (annual %),NY.GDP.MKTP.KD.ZG,Post-demographic dividend,PST,2.82241385458457,4.00289655021537,1.23798396843759,1.4040048646424,1.99809378776419,2.30236438114908,1.77086032366407,2.38147903154824,2.28042244489086,1.70019767777845,-4.67983210422426,..
GDP growth (annual %),NY.GDP.MKTP.KD.ZG,Pre-demographic dividend,PRE,8.5864879029242,5.43984395366775,4.31654016703934,5.88692835155922,5.08124404808954,3.19486000563094,2.29966720331562,1.56630767410419,2.53216967741385,3.29379993143084,-3.07114847702094,..
GDP growth (annual %),NY.GDP.MKTP.KD.ZG,Small states,SST,..,..,3.12063280041974,3.16796870767932,3.26471714377806,2.76628888451403,2.33143000017866,1.12113266810243,2.17175431382233,1.8434112619814,-5.67485396472186,..
GDP growth (annual %),NY.GDP.MKTP.KD.ZG,South Asia,SAS,5.39430497683391,4.10751622735145,5.4743544351346,6.01577938861126,6.89691308508841,7.36869834770468,7.67146359574183,6.60485104193131,6.44430592137985,4.04155959933803,-5.7061896493811,..
GDP growth (annual %),NY.GDP.MKTP.KD.ZG,South Asia (IDA & IBRD),TSA,5.39430497683391,4.10751622735145,5.4743544351346,6.01577938861126,6.89691308508841,7.36869834770468,7.67146359574183,6.60485104193131,6.44430592137985,4.04155959933803,-5.7061896493811,..
GDP growth (annual %),NY.GDP.MKTP.KD.ZG,Sub-Saharan Africa,SSF,2.52031933941853,3.41096821397817,3.36114590337147,5.10846195972564,4.85709740433458,2.84419481006988,1.16309282605584,2.44183008114076,2.68869306257446,2.57695047521966,-2.01213540654427,..
GDP growth (annual %),NY.GDP.MKTP.KD.ZG,Sub-Saharan Africa (excluding high income),SSA,2.51644018797327,3.41313305567832,3.36286515638149,5.10773251998731,4.85738158809798,2.84251206775785,1.16030423201126,2.4398829061693,2.68948845237517,2.5781412075649,-2.00471206839838,..
GDP growth (annual %),NY.GDP.MKTP.KD.ZG,Sub-Saharan Africa (IDA & IBRD countries),TSS,2.52031933941853,3.41096821397817,3.36114590337147,5.10846195972564,4.85709740433458,2.84419481006988,1.16309282605584,2.44183008114076,2.68869306257446,2.57695047521966,-2.01213540654427,..
GDP growth (annual %),NY.GDP.MKTP.KD.ZG,Upper middle income,UMC,1.07192077195867,6.36390425072808,5.82793755103484,5.61282881302564,4.741470510136,4.27866240005928,4.23416056543988,5.20522742794098,4.9255220734312,4.12097655734985,-0.713231664785468,..
GDP growth (annual %),NY.GDP.MKTP.KD.ZG,World,WLD,2.87624507914413,4.50122354520015,2.6728184105895,2.84465163277629,3.11775281722852,3.16830244752504,2.82505728779252,3.39437433715074,3.26958364118613,2.60081424378392,-3.29368304036699,..
,,,,,,,,,,,,,,,
,,,,,,,,,,,,,,,
,,,,,,,,,,,,,,,
Data from database: World Development Indicators,,,,,,,,,,,,,,,
Last Updated: 04/27/2022,,,,,,,,,,,,,,,
